[{"model": "admin.logentry", "pk": 1, "fields": {"action_time": "2022-12-05T09:14:03.698", "user": 1, "content_type": 8, "object_id": "1", "object_repr": "/about/ -- Привет из Джанги", "action_flag": 1, "change_message": "[{\"added\": {}}]"}}, {"model": "admin.logentry", "pk": 2, "fields": {"action_time": "2022-12-05T10:08:57.037", "user": 1, "content_type": 8, "object_id": "2", "object_repr": "/contact/ -- Связаться с менеджерами", "action_flag": 1, "change_message": "[{\"added\": {}}]"}}, {"model": "admin.logentry", "pk": 3, "fields": {"action_time": "2022-12-06T13:27:51.425", "user": 1, "content_type": 12, "object_id": "1", "object_repr": "prepod", "action_flag": 1, "change_message": "[{\"added\": {}}]"}}, {"model": "admin.logentry", "pk": 4, "fields": {"action_time": "2022-12-06T13:28:49.908", "user": 1, "content_type": 9, "object_id": "1", "object_repr": "Спорт", "action_flag": 1, "change_message": "[{\"added\": {}}]"}}, {"model": "admin.logentry", "pk": 5, "fields": {"action_time": "2022-12-06T13:28:59.096", "user": 1, "content_type": 9, "object_id": "2", "object_repr": "Образование", "action_flag": 1, "change_message": "[{\"added\": {}}]"}}, {"model": "admin.logentry", "pk": 6, "fields": {"action_time": "2022-12-06T13:29:06.709", "user": 1, "content_type": 9, "object_id": "3", "object_repr": "Досуг", "action_flag": 1, "change_message": "[{\"added\": {}}]"}}, {"model": "admin.logentry", "pk": 7, "fields": {"action_time": "2022-12-06T13:29:15.446", "user": 1, "content_type": 9, "object_id": "4", "object_repr": "Развлечения", "action_flag": 1, "change_message": "[{\"added\": {}}]"}}, {"model": "admin.logentry", "pk": 8, "fields": {"action_time": "2022-12-06T17:01:26.684", "user": 1, "content_type": 4, "object_id": "2", "object_repr": "Евгений", "action_flag": 1, "change_message": "[{\"added\": {}}]"}}, {"model": "admin.logentry", "pk": 9, "fields": {"action_time": "2022-12-06T17:01:30.198", "user": 1, "content_type": 12, "object_id": "2", "object_repr": "Евгений", "action_flag": 1, "change_message": "[{\"added\": {}}]"}}, {"model": "admin.logentry", "pk": 10, "fields": {"action_time": "2022-12-06T17:01:51.698", "user": 1, "content_type": 13, "object_id": "2", "object_repr": "Post object (2)", "action_flag": 1, "change_message": "[{\"added\": {}}, {\"added\": {\"name\": \"comment\", \"object\": \"Comment object (1)\"}}]"}}, {"model": "admin.logentry", "pk": 11, "fields": {"action_time": "2022-12-06T17:12:57.719", "user": 1, "content_type": 10, "object_id": "2", "object_repr": "Про спорт | Образование", "action_flag": 1, "change_message": "[{\"added\": {}}]"}}, {"model": "admin.logentry", "pk": 12, "fields": {"action_time": "2022-12-06T17:13:13.574", "user": 1, "content_type": 10, "object_id": "1", "object_repr": "DFSDFsfsdf | Спорт", "action_flag": 2, "change_message": "[{\"changed\": {\"fields\": [\"\\u041f\\u043e\\u0441\\u0442\"]}}]"}}, {"model": "admin.logentry", "pk": 13, "fields": {"action_time": "2022-12-06T17:14:20.811", "user": 1, "content_type": 13, "object_id": "3", "object_repr": "Post object (3)", "action_flag": 1, "change_message": "[{\"added\": {}}]"}}, {"model": "admin.logentry", "pk": 14, "fields": {"action_time": "2022-12-06T17:14:27.959", "user": 1, "content_type": 10, "object_id": "3", "object_repr": "asregsr | Досуг", "action_flag": 1, "change_message": "[{\"added\": {}}]"}}, {"model": "admin.logentry", "pk": 15, "fields": {"action_time": "2022-12-06T18:36:56.270", "user": 1, "content_type": 13, "object_id": "4", "object_repr": "Ыфваыфвап: фыафыафвыавыпавп", "action_flag": 2, "change_message": "[{\"changed\": {\"fields\": [\"\\u0422\\u0438\\u043f \\u043f\\u043e\\u0441\\u0442\\u0430\"]}}]"}}, {"model": "admin.logentry", "pk": 16, "fields": {"action_time": "2022-12-07T09:21:14.762", "user": 1, "content_type": 8, "object_id": "1", "object_repr": "/about/ -- Привет из Джанги", "action_flag": 2, "change_message": "[]"}}, {"model": "admin.logentry", "pk": 17, "fields": {"action_time": "2022-12-07T12:53:48.742", "user": 1, "content_type": 3, "object_id": "1", "object_repr": "Авторы", "action_flag": 1, "change_message": "[{\"added\": {}}]"}}, {"model": "admin.logentry", "pk": 18, "fields": {"action_time": "2022-12-08T17:32:13.085", "user": 1, "content_type": 3, "object_id": "1", "object_repr": "Авторы", "action_flag": 2, "change_message": "[{\"changed\": {\"fields\": [\"Permissions\"]}}]"}}, {"model": "admin.logentry", "pk": 19, "fields": {"action_time": "2022-12-08T17:35:03.576", "user": 1, "content_type": 3, "object_id": "1", "object_repr": "Авторы", "action_flag": 2, "change_message": "[{\"changed\": {\"fields\": [\"Permissions\"]}}]"}}, {"model": "admin.logentry", "pk": 20, "fields": {"action_time": "2022-12-08T17:39:13.696", "user": 1, "content_type": 3, "object_id": "1", "object_repr": "Авторы", "action_flag": 2, "change_message": "[{\"changed\": {\"fields\": [\"Permissions\"]}}]"}}, {"model": "admin.logentry", "pk": 21, "fields": {"action_time": "2022-12-08T17:39:28.688", "user": 1, "content_type": 12, "object_id": "2", "object_repr": "Евгений", "action_flag": 3, "change_message": ""}}, {"model": "admin.logentry", "pk": 22, "fields": {"action_time": "2022-12-08T17:45:47.672", "user": 1, "content_type": 12, "object_id": "3", "object_repr": "Евгений", "action_flag": 1, "change_message": "[{\"added\": {}}]"}}, {"model": "admin.logentry", "pk": 23, "fields": {"action_time": "2022-12-08T17:46:18.197", "user": 1, "content_type": 12, "object_id": "3", "object_repr": "Евгений", "action_flag": 3, "change_message": ""}}, {"model": "admin.logentry", "pk": 24, "fields": {"action_time": "2022-12-08T18:09:37.364", "user": 1, "content_type": 12, "object_id": "4", "object_repr": "Евгений", "action_flag": 3, "change_message": ""}}, {"model": "admin.logentry", "pk": 25, "fields": {"action_time": "2022-12-08T18:29:21.954", "user": 1, "content_type": 12, "object_id": "5", "object_repr": "Евгений", "action_flag": 3, "change_message": ""}}, {"model": "admin.logentry", "pk": 26, "fields": {"action_time": "2022-12-08T18:49:35.428", "user": 1, "content_type": 12, "object_id": "6", "object_repr": "Евгений", "action_flag": 3, "change_message": ""}}, {"model": "admin.logentry", "pk": 27, "fields": {"action_time": "2022-12-08T18:58:36.708", "user": 1, "content_type": 4, "object_id": "2", "object_repr": "Евгений", "action_flag": 2, "change_message": "[{\"changed\": {\"fields\": [\"Groups\"]}}]"}}, {"model": "admin.logentry", "pk": 28, "fields": {"action_time": "2022-12-08T19:43:25.691", "user": 1, "content_type": 7, "object_id": "1", "object_repr": "127.0.0.1", "action_flag": 2, "change_message": "[{\"changed\": {\"fields\": [\"Domain name\"]}}]"}}, {"model": "admin.logentry", "pk": 29, "fields": {"action_time": "2022-12-08T19:43:56.504", "user": 1, "content_type": 17, "object_id": "1", "object_repr": "Yandex", "action_flag": 1, "change_message": "[{\"added\": {}}]"}}, {"model": "admin.logentry", "pk": 30, "fields": {"action_time": "2022-12-08T20:07:18.455", "user": 1, "content_type": 4, "object_id": "4", "object_repr": "prepodsport", "action_flag": 3, "change_message": ""}}, {"model": "admin.logentry", "pk": 31, "fields": {"action_time": "2022-12-09T20:15:32.876", "user": 1, "content_type": 4, "object_id": "5", "object_repr": "pre", "action_flag": 3, "change_message": ""}}, {"model": "admin.logentry", "pk": 32, "fields": {"action_time": "2022-12-09T20:39:45.157", "user": 1, "content_type": 4, "object_id": "6", "object_repr": "Препод", "action_flag": 3, "change_message": ""}}, {"model": "admin.logentry", "pk": 33, "fields": {"action_time": "2022-12-09T20:41:26.499", "user": 1, "content_type": 4, "object_id": "7", "object_repr": "Препод", "action_flag": 3, "change_message": ""}}, {"model": "admin.logentry", "pk": 34, "fields": {"action_time": "2022-12-09T20:52:47.267", "user": 1, "content_type": 4, "object_id": "8", "object_repr": "Препод", "action_flag": 3, "change_message": ""}}, {"model": "admin.logentry", "pk": 35, "fields": {"action_time": "2022-12-10T20:25:23.406", "user": 1, "content_type": 4, "object_id": "9", "object_repr": "Препод", "action_flag": 3, "change_message": ""}}, {"model": "admin.logentry", "pk": 36, "fields": {"action_time": "2022-12-10T21:02:45.169", "user": 1, "content_type": 4, "object_id": "10", "object_repr": "Препод", "action_flag": 3, "change_message": ""}}, {"model": "admin.logentry", "pk": 37, "fields": {"action_time": "2022-12-10T21:05:24.814", "user": 1, "content_type": 4, "object_id": "11", "object_repr": "Препод", "action_flag": 3, "change_message": ""}}, {"model": "admin.logentry", "pk": 38, "fields": {"action_time": "2022-12-10T21:09:52.001", "user": 1, "content_type": 4, "object_id": "12", "object_repr": "Препод", "action_flag": 3, "change_message": ""}}, {"model": "admin.logentry", "pk": 39, "fields": {"action_time": "2022-12-10T22:39:35.401", "user": 1, "content_type": 4, "object_id": "13", "object_repr": "Препод", "action_flag": 3, "change_message": ""}}, {"model": "admin.logentry", "pk": 40, "fields": {"action_time": "2022-12-10T22:39:35.405", "user": 1, "content_type": 4, "object_id": "14", "object_repr": "Препод1", "action_flag": 3, "change_message": ""}}, {"model": "admin.logentry", "pk": 41, "fields": {"action_time": "2022-12-10T22:41:28.520", "user": 1, "content_type": 4, "object_id": "15", "object_repr": "Препод", "action_flag": 3, "change_message": ""}}, {"model": "admin.logentry", "pk": 42, "fields": {"action_time": "2022-12-10T22:42:11.146", "user": 1, "content_type": 4, "object_id": "16", "object_repr": "Препод", "action_flag": 3, "change_message": ""}}, {"model": "admin.logentry", "pk": 43, "fields": {"action_time": "2022-12-10T22:43:23.592", "user": 1, "content_type": 4, "object_id": "17", "object_repr": "Препод", "action_flag": 3, "change_message": ""}}, {"model": "admin.logentry", "pk": 44, "fields": {"action_time": "2022-12-10T22:59:58.345", "user": 1, "content_type": 4, "object_id": "18", "object_repr": "Препод", "action_flag": 3, "change_message": ""}}, {"model": "admin.logentry", "pk": 45, "fields": {"action_time": "2022-12-10T23:04:28.711", "user": 1, "content_type": 4, "object_id": "19", "object_repr": "Препод", "action_flag": 3, "change_message": ""}}, {"model": "admin.logentry", "pk": 46, "fields": {"action_time": "2022-12-10T23:10:23.402", "user": 1, "content_type": 4, "object_id": "20", "object_repr": "Препод", "action_flag": 3, "change_message": ""}}, {"model": "admin.logentry", "pk": 47, "fields": {"action_time": "2022-12-10T23:12:14.793", "user": 1, "content_type": 4, "object_id": "21", "object_repr": "Препод", "action_flag": 3, "change_message": ""}}, {"model": "admin.logentry", "pk": 48, "fields": {"action_time": "2022-12-11T14:35:09.152", "user": 1, "content_type": 4, "object_id": "22", "object_repr": "Препод", "action_flag": 3, "change_message": ""}}, {"model": "admin.logentry", "pk": 49, "fields": {"action_time": "2022-12-11T15:22:45.915", "user": 1, "content_type": 4, "object_id": "23", "object_repr": "Препод", "action_flag": 3, "change_message": ""}}, {"model": "admin.logentry", "pk": 50, "fields": {"action_time": "2022-12-11T15:30:51.763", "user": 1, "content_type": 4, "object_id": "24", "object_repr": "Препод", "action_flag": 3, "change_message": ""}}, {"model": "admin.logentry", "pk": 51, "fields": {"action_time": "2022-12-11T16:05:04.550", "user": 1, "content_type": 4, "object_id": "25", "object_repr": "Препод", "action_flag": 3, "change_message": ""}}, {"model": "admin.logentry", "pk": 52, "fields": {"action_time": "2022-12-11T16:06:48.140", "user": 1, "content_type": 4, "object_id": "26", "object_repr": "Препод", "action_flag": 3, "change_message": ""}}, {"model": "admin.logentry", "pk": 53, "fields": {"action_time": "2022-12-11T16:07:43.689", "user": 1, "content_type": 4, "object_id": "27", "object_repr": "Препод", "action_flag": 3, "change_message": ""}}, {"model": "admin.logentry", "pk": 54, "fields": {"action_time": "2022-12-11T16:24:09.080", "user": 1, "content_type": 4, "object_id": "28", "object_repr": "Препод", "action_flag": 3, "change_message": ""}}, {"model": "admin.logentry", "pk": 55, "fields": {"action_time": "2022-12-11T20:06:13.996", "user": 1, "content_type": 4, "object_id": "29", "object_repr": "Препод", "action_flag": 3, "change_message": ""}}, {"model": "admin.logentry", "pk": 56, "fields": {"action_time": "2022-12-11T21:11:30.216", "user": 1, "content_type": 4, "object_id": "30", "object_repr": "Препод", "action_flag": 3, "change_message": ""}}, {"model": "admin.logentry", "pk": 57, "fields": {"action_time": "2022-12-11T21:14:34.285", "user": 1, "content_type": 4, "object_id": "31", "object_repr": "Препод", "action_flag": 3, "change_message": ""}}, {"model": "admin.logentry", "pk": 58, "fields": {"action_time": "2022-12-11T22:10:25.544", "user": 1, "content_type": 4, "object_id": "32", "object_repr": "Препод", "action_flag": 3, "change_message": ""}}, {"model": "admin.logentry", "pk": 59, "fields": {"action_time": "2022-12-11T22:33:35.874", "user": 1, "content_type": 4, "object_id": "33", "object_repr": "Препод", "action_flag": 3, "change_message": ""}}, {"model": "admin.logentry", "pk": 60, "fields": {"action_time": "2022-12-11T22:41:56.699", "user": 1, "content_type": 4, "object_id": "34", "object_repr": "Препод", "action_flag": 3, "change_message": ""}}, {"model": "admin.logentry", "pk": 61, "fields": {"action_time": "2022-12-11T22:43:28.517", "user": 1, "content_type": 4, "object_id": "35", "object_repr": "Препод", "action_flag": 3, "change_message": ""}}, {"model": "admin.logentry", "pk": 62, "fields": {"action_time": "2022-12-11T22:49:33.443", "user": 1, "content_type": 4, "object_id": "36", "object_repr": "Препод", "action_flag": 3, "change_message": ""}}, {"model": "admin.logentry", "pk": 63, "fields": {"action_time": "2022-12-11T22:51:58.289", "user": 1, "content_type": 4, "object_id": "37", "object_repr": "Препод", "action_flag": 3, "change_message": ""}}, {"model": "admin.logentry", "pk": 64, "fields": {"action_time": "2022-12-11T22:58:25.268", "user": 1, "content_type": 4, "object_id": "38", "object_repr": "Препод", "action_flag": 2, "change_message": "[{\"changed\": {\"fields\": [\"Groups\"]}}]"}}, {"model": "admin.logentry", "pk": 65, "fields": {"action_time": "2022-12-11T22:59:56.286", "user": 1, "content_type": 4, "object_id": "38", "object_repr": "Препод", "action_flag": 2, "change_message": "[{\"changed\": {\"fields\": [\"Groups\"]}}]"}}, {"model": "admin.logentry", "pk": 66, "fields": {"action_time": "2022-12-11T23:01:05.143", "user": 1, "content_type": 14, "object_id": "10", "object_repr": "my_account_ip@mail.ru", "action_flag": 1, "change_message": "[{\"added\": {}}]"}}, {"model": "admin.logentry", "pk": 67, "fields": {"action_time": "2022-12-11T23:22:42.552", "user": 1, "content_type": 4, "object_id": "38", "object_repr": "Препод", "action_flag": 3, "change_message": ""}}, {"model": "admin.logentry", "pk": 68, "fields": {"action_time": "2022-12-11T23:23:44.094", "user": 1, "content_type": 4, "object_id": "39", "object_repr": "Препод", "action_flag": 3, "change_message": ""}}, {"model": "admin.logentry", "pk": 69, "fields": {"action_time": "2022-12-11T23:28:54.588", "user": 1, "content_type": 4, "object_id": "40", "object_repr": "Препод", "action_flag": 3, "change_message": ""}}, {"model": "admin.logentry", "pk": 70, "fields": {"action_time": "2022-12-11T23:30:57.981", "user": 1, "content_type": 4, "object_id": "41", "object_repr": "Препод", "action_flag": 3, "change_message": ""}}, {"model": "admin.logentry", "pk": 71, "fields": {"action_time": "2022-12-12T19:26:07.519", "user": 1, "content_type": 4, "object_id": "42", "object_repr": "Препод", "action_flag": 3, "change_message": ""}}, {"model": "admin.logentry", "pk": 72, "fields": {"action_time": "2022-12-12T21:01:20.660", "user": 1, "content_type": 4, "object_id": "43", "object_repr": "Препод", "action_flag": 3, "change_message": ""}}, {"model": "admin.logentry", "pk": 73, "fields": {"action_time": "2022-12-12T22:36:09.595", "user": 1, "content_type": 4, "object_id": "1", "object_repr": "prepod", "action_flag": 2, "change_message": "[{\"changed\": {\"fields\": [\"User permissions\"]}}]"}}, {"model": "admin.logentry", "pk": 74, "fields": {"action_time": "2022-12-13T20:40:04.404", "user": 1, "content_type": 4, "object_id": "45", "object_repr": "ergegerg", "action_flag": 3, "change_message": ""}}, {"model": "admin.logentry", "pk": 75, "fields": {"action_time": "2022-12-13T20:40:04.409", "user": 1, "content_type": 4, "object_id": "44", "object_repr": "sgfsgf", "action_flag": 3, "change_message": ""}}, {"model": "admin.logentry", "pk": 76, "fields": {"action_time": "2022-12-14T11:36:35.465", "user": 1, "content_type": 13, "object_id": "13", "object_repr": "Моя Статья: <p>Хотите научиться ", "action_flag": 2, "change_message": "[{\"changed\": {\"fields\": [\"\\u041e\\u043f\\u0438\\u0441\\u0430\\u043d\\u0438\\u0435\"]}}]"}}, {"model": "admin.logentry", "pk": 77, "fields": {"action_time": "2022-12-14T11:40:53.943", "user": 1, "content_type": 13, "object_id": "13", "object_repr": "Моя Статья: Хотите научиться пис", "action_flag": 2, "change_message": "[{\"changed\": {\"fields\": [\"\\u041e\\u043f\\u0438\\u0441\\u0430\\u043d\\u0438\\u0435\"]}}]"}}, {"model": "admin.logentry", "pk": 78, "fields": {"action_time": "2022-12-14T11:41:39.292", "user": 1, "content_type": 13, "object_id": "13", "object_repr": "Моя Статья: <p><strong>Хотите на", "action_flag": 2, "change_message": "[{\"changed\": {\"fields\": [\"\\u041e\\u043f\\u0438\\u0441\\u0430\\u043d\\u0438\\u0435\"]}}]"}}, {"model": "admin.logentry", "pk": 79, "fields": {"action_time": "2022-12-14T11:50:50.400", "user": 1, "content_type": 13, "object_id": "13", "object_repr": "Моя Статья: <ul>\r\n\t<li>Хотите на", "action_flag": 2, "change_message": "[{\"changed\": {\"fields\": [\"\\u041e\\u043f\\u0438\\u0441\\u0430\\u043d\\u0438\\u0435\"]}}]"}}, {"model": "admin.logentry", "pk": 80, "fields": {"action_time": "2022-12-14T11:56:31.371", "user": 1, "content_type": 13, "object_id": "13", "object_repr": "Моя Статья: <p><s>Хотите научить", "action_flag": 2, "change_message": "[{\"changed\": {\"fields\": [\"\\u041e\\u043f\\u0438\\u0441\\u0430\\u043d\\u0438\\u0435\"]}}]"}}, {"model": "admin.logentry", "pk": 81, "fields": {"action_time": "2022-12-14T12:00:45.598", "user": 1, "content_type": 13, "object_id": "13", "object_repr": "Моя Статья: <p><s>Хотите научить", "action_flag": 2, "change_message": "[{\"changed\": {\"fields\": [\"\\u041e\\u043f\\u0438\\u0441\\u0430\\u043d\\u0438\\u0435\"]}}]"}}, {"model": "admin.logentry", "pk": 82, "fields": {"action_time": "2022-12-15T20:26:37.583", "user": 1, "content_type": 8, "object_id": "1", "object_repr": "/about/ -- Привет из Джанги", "action_flag": 2, "change_message": "[{\"changed\": {\"fields\": [\"Template name\"]}}]"}}, {"model": "admin.logentry", "pk": 83, "fields": {"action_time": "2022-12-15T20:38:54.664", "user": 1, "content_type": 4, "object_id": "46", "object_repr": "sfs", "action_flag": 3, "change_message": ""}}, {"model": "admin.logentry", "pk": 84, "fields": {"action_time": "2022-12-15T20:41:56.736", "user": 1, "content_type": 4, "object_id": "47", "object_repr": "dfgdfgdfg", "action_flag": 3, "change_message": ""}}, {"model": "admin.logentry", "pk": 85, "fields": {"action_time": "2022-12-15T20:45:13.545", "user": 1, "content_type": 4, "object_id": "48", "object_repr": "sdfgsdfg", "action_flag": 3, "change_message": ""}}, {"model": "admin.logentry", "pk": 86, "fields": {"action_time": "2022-12-15T21:02:55.057", "user": 1, "content_type": 8, "object_id": "1", "object_repr": "/about/ -- Привет из Джанги", "action_flag": 2, "change_message": "[]"}}, {"model": "admin.logentry", "pk": 87, "fields": {"action_time": "2022-12-18T21:34:42.858", "user": 1, "content_type": 4, "object_id": "49", "object_repr": "dzfgzdf", "action_flag": 3, "change_message": ""}}, {"model": "admin.logentry", "pk": 88, "fields": {"action_time": "2022-12-18T21:45:44.571", "user": 1, "content_type": 4, "object_id": "50", "object_repr": "sdsdvsv", "action_flag": 3, "change_message": ""}}, {"model": "admin.logentry", "pk": 89, "fields": {"action_time": "2022-12-18T21:52:31.052", "user": 1, "content_type": 4, "object_id": "51", "object_repr": "jngfhnghn", "action_flag": 3, "change_message": ""}}, {"model": "admin.logentry", "pk": 90, "fields": {"action_time": "2022-12-18T22:02:42.506", "user": 1, "content_type": 4, "object_id": "52", "object_repr": "afdasf", "action_flag": 3, "change_message": ""}}, {"model": "admin.logentry", "pk": 91, "fields": {"action_time": "2022-12-18T22:10:36.170", "user": 1, "content_type": 4, "object_id": "53", "object_repr": "dgrgsrgsdfg", "action_flag": 3, "change_message": ""}}, {"model": "admin.logentry", "pk": 92, "fields": {"action_time": "2022-12-18T22:38:20.845", "user": 1, "content_type": 4, "object_id": "54", "object_repr": "sdfgsadfsadf", "action_flag": 3, "change_message": ""}}, {"model": "admin.logentry", "pk": 93, "fields": {"action_time": "2022-12-18T23:05:22.371", "user": 1, "content_type": 4, "object_id": "55", "object_repr": "dsfsdf", "action_flag": 3, "change_message": ""}}, {"model": "admin.logentry", "pk": 94, "fields": {"action_time": "2022-12-18T23:13:45.713", "user": 1, "content_type": 4, "object_id": "56", "object_repr": "sdasdvasdv", "action_flag": 3, "change_message": ""}}, {"model": "admin.logentry", "pk": 95, "fields": {"action_time": "2022-12-18T23:35:16.599", "user": 1, "content_type": 4, "object_id": "57", "object_repr": "hjklhjkl", "action_flag": 3, "change_message": ""}}, {"model": "admin.logentry", "pk": 96, "fields": {"action_time": "2022-12-19T22:05:47.770", "user": 1, "content_type": 4, "object_id": "58", "object_repr": "sdfvsdfv", "action_flag": 3, "change_message": ""}}, {"model": "admin.logentry", "pk": 97, "fields": {"action_time": "2022-12-19T22:09:21.702", "user": 1, "content_type": 4, "object_id": "59", "object_repr": "dbxdfbzxfb", "action_flag": 3, "change_message": ""}}, {"model": "admin.logentry", "pk": 98, "fields": {"action_time": "2022-12-19T22:59:23.270", "user": 1, "content_type": 4, "object_id": "60", "object_repr": "gyukgyuk", "action_flag": 3, "change_message": ""}}, {"model": "admin.logentry", "pk": 99, "fields": {"action_time": "2022-12-19T23:25:51.380", "user": 1, "content_type": 4, "object_id": "61", "object_repr": "cvbxcvbxcvb", "action_flag": 3, "change_message": ""}}, {"model": "admin.logentry", "pk": 100, "fields": {"action_time": "2022-12-21T21:02:59.853", "user": 1, "content_type": 10, "object_id": "38", "object_repr": "Про спорт | Спорт", "action_flag": 1, "change_message": "[{\"added\": {}}]"}}, {"model": "admin.logentry", "pk": 101, "fields": {"action_time": "2022-12-21T21:03:46.810", "user": 1, "content_type": 13, "object_id": "38", "object_repr": "Rdghdhgdsfgh: <p>drgzsdfgsrdgdfz</", "action_flag": 1, "change_message": "[{\"added\": {}}]"}}, {"model": "admin.logentry", "pk": 102, "fields": {"action_time": "2022-12-22T20:50:19.313", "user": 1, "content_type": 4, "object_id": "62", "object_repr": "dfxhdxfg", "action_flag": 3, "change_message": ""}}, {"model": "admin.logentry", "pk": 103, "fields": {"action_time": "2022-12-22T21:02:08.672", "user": 1, "content_type": 4, "object_id": "63", "object_repr": "asasasas", "action_flag": 3, "change_message": ""}}, {"model": "admin.logentry", "pk": 104, "fields": {"action_time": "2022-12-22T21:20:29.455", "user": 1, "content_type": 4, "object_id": "64", "object_repr": "asdasd", "action_flag": 3, "change_message": ""}}, {"model": "admin.logentry", "pk": 105, "fields": {"action_time": "2022-12-22T21:44:45.335", "user": 1, "content_type": 4, "object_id": "65", "object_repr": "sdfsdf", "action_flag": 3, "change_message": ""}}, {"model": "admin.logentry", "pk": 106, "fields": {"action_time": "2022-12-24T00:30:25.340", "user": 1, "content_type": 4, "object_id": "66", "object_repr": "asdasd", "action_flag": 3, "change_message": ""}}, {"model": "admin.logentry", "pk": 107, "fields": {"action_time": "2022-12-24T20:29:05.846", "user": 1, "content_type": 4, "object_id": "67", "object_repr": "sdvsvs", "action_flag": 3, "change_message": ""}}, {"model": "admin.logentry", "pk": 108, "fields": {"action_time": "2022-12-24T20:37:52.863", "user": 1, "content_type": 4, "object_id": "68", "object_repr": "dsgsdfg", "action_flag": 3, "change_message": ""}}, {"model": "admin.logentry", "pk": 109, "fields": {"action_time": "2022-12-24T20:42:44.753", "user": 1, "content_type": 4, "object_id": "69", "object_repr": "fdvsfdvb", "action_flag": 3, "change_message": ""}}, {"model": "admin.logentry", "pk": 110, "fields": {"action_time": "2022-12-24T20:45:31.568", "user": 1, "content_type": 4, "object_id": "70", "object_repr": "afdasf", "action_flag": 3, "change_message": ""}}, {"model": "admin.logentry", "pk": 111, "fields": {"action_time": "2022-12-24T20:51:03.022", "user": 1, "content_type": 4, "object_id": "71", "object_repr": "fzdvsdfxv", "action_flag": 3, "change_message": ""}}, {"model": "admin.logentry", "pk": 112, "fields": {"action_time": "2022-12-24T23:44:22.865", "user": 1, "content_type": 4, "object_id": "72", "object_repr": "sdfsadf", "action_flag": 3, "change_message": ""}}, {"model": "admin.logentry", "pk": 113, "fields": {"action_time": "2022-12-24T23:45:59.438", "user": 1, "content_type": 4, "object_id": "73", "object_repr": "asdasd", "action_flag": 3, "change_message": ""}}, {"model": "admin.logentry", "pk": 114, "fields": {"action_time": "2022-12-24T23:54:06.110", "user": 1, "content_type": 4, "object_id": "74", "object_repr": "qwdqwd", "action_flag": 3, "change_message": ""}}, {"model": "admin.logentry", "pk": 115, "fields": {"action_time": "2022-12-24T23:56:19.065", "user": 1, "content_type": 4, "object_id": "75", "object_repr": "fsdfsdf", "action_flag": 3, "change_message": ""}}, {"model": "admin.logentry", "pk": 116, "fields": {"action_time": "2022-12-25T00:04:42.335", "user": 1, "content_type": 4, "object_id": "76", "object_repr": "awsfasdf", "action_flag": 3, "change_message": ""}}, {"model": "admin.logentry", "pk": 117, "fields": {"action_time": "2022-12-25T00:07:37.925", "user": 1, "content_type": 4, "object_id": "77", "object_repr": "ewsfwefw", "action_flag": 3, "change_message": ""}}, {"model": "admin.logentry", "pk": 118, "fields": {"action_time": "2022-12-25T12:29:25.130", "user": 1, "content_type": 4, "object_id": "78", "object_repr": "fghdff", "action_flag": 3, "change_message": ""}}, {"model": "admin.logentry", "pk": 119, "fields": {"action_time": "2022-12-25T12:43:54.185", "user": 1, "content_type": 4, "object_id": "79", "object_repr": "dsghsdfgsdfg", "action_flag": 3, "change_message": ""}}, {"model": "admin.logentry", "pk": 120, "fields": {"action_time": "2022-12-25T12:46:10.628", "user": 1, "content_type": 4, "object_id": "80", "object_repr": "jghgjf", "action_flag": 3, "change_message": ""}}, {"model": "admin.logentry", "pk": 121, "fields": {"action_time": "2022-12-25T12:51:29.850", "user": 1, "content_type": 4, "object_id": "81", "object_repr": "dzrgdfg", "action_flag": 3, "change_message": ""}}, {"model": "admin.logentry", "pk": 122, "fields": {"action_time": "2022-12-25T12:56:57.327", "user": 1, "content_type": 4, "object_id": "82", "object_repr": "sefsefse", "action_flag": 3, "change_message": ""}}, {"model": "admin.logentry", "pk": 123, "fields": {"action_time": "2022-12-26T21:43:54.168", "user": 1, "content_type": 4, "object_id": "83", "object_repr": "hgkhjukfgk", "action_flag": 3, "change_message": ""}}, {"model": "admin.logentry", "pk": 124, "fields": {"action_time": "2022-12-26T21:52:56.841", "user": 1, "content_type": 4, "object_id": "84", "object_repr": "asdasdasd", "action_flag": 3, "change_message": ""}}, {"model": "admin.logentry", "pk": 125, "fields": {"action_time": "2022-12-26T21:56:29.225", "user": 1, "content_type": 4, "object_id": "85", "object_repr": "aefesf", "action_flag": 3, "change_message": ""}}, {"model": "admin.logentry", "pk": 126, "fields": {"action_time": "2022-12-26T21:58:53.365", "user": 1, "content_type": 4, "object_id": "86", "object_repr": "sdsdagfasdgasd", "action_flag": 3, "change_message": ""}}, {"model": "admin.logentry", "pk": 127, "fields": {"action_time": "2022-12-26T22:04:12.631", "user": 1, "content_type": 4, "object_id": "87", "object_repr": "afdasf", "action_flag": 3, "change_message": ""}}, {"model": "auth.permission", "pk": 1, "fields": {"name": "Can add log entry", "content_type": 1, "codename": "add_logentry"}}, {"model": "auth.permission", "pk": 2, "fields": {"name": "Can change log entry", "content_type": 1, "codename": "change_logentry"}}, {"model": "auth.permission", "pk": 3, "fields": {"name": "Can delete log entry", "content_type": 1, "codename": "delete_logentry"}}, {"model": "auth.permission", "pk": 4, "fields": {"name": "Can view log entry", "content_type": 1, "codename": "view_logentry"}}, {"model": "auth.permission", "pk": 5, "fields": {"name": "Can add permission", "content_type": 2, "codename": "add_permission"}}, {"model": "auth.permission", "pk": 6, "fields": {"name": "Can change permission", "content_type": 2, "codename": "change_permission"}}, {"model": "auth.permission", "pk": 7, "fields": {"name": "Can delete permission", "content_type": 2, "codename": "delete_permission"}}, {"model": "auth.permission", "pk": 8, "fields": {"name": "Can view permission", "content_type": 2, "codename": "view_permission"}}, {"model": "auth.permission", "pk": 9, "fields": {"name": "Can add group", "content_type": 3, "codename": "add_group"}}, {"model": "auth.permission", "pk": 10, "fields": {"name": "Can change group", "content_type": 3, "codename": "change_group"}}, {"model": "auth.permission", "pk": 11, "fields": {"name": "Can delete group", "content_type": 3, "codename": "delete_group"}}, {"model": "auth.permission", "pk": 12, "fields": {"name": "Can view group", "content_type": 3, "codename": "view_group"}}, {"model": "auth.permission", "pk": 13, "fields": {"name": "Can add user", "content_type": 4, "codename": "add_user"}}, {"model": "auth.permission", "pk": 14, "fields": {"name": "Can change user", "content_type": 4, "codename": "change_user"}}, {"model": "auth.permission", "pk": 15, "fields": {"name": "Can delete user", "content_type": 4, "codename": "delete_user"}}, {"model": "auth.permission", "pk": 16, "fields": {"name": "Can view user", "content_type": 4, "codename": "view_user"}}, {"model": "auth.permission", "pk": 17, "fields": {"name": "Can add content type", "content_type": 5, "codename": "add_contenttype"}}, {"model": "auth.permission", "pk": 18, "fields": {"name": "Can change content type", "content_type": 5, "codename": "change_contenttype"}}, {"model": "auth.permission", "pk": 19, "fields": {"name": "Can delete content type", "content_type": 5, "codename": "delete_contenttype"}}, {"model": "auth.permission", "pk": 20, "fields": {"name": "Can view content type", "content_type": 5, "codename": "view_contenttype"}}, {"model": "auth.permission", "pk": 21, "fields": {"name": "Can add session", "content_type": 6, "codename": "add_session"}}, {"model": "auth.permission", "pk": 22, "fields": {"name": "Can change session", "content_type": 6, "codename": "change_session"}}, {"model": "auth.permission", "pk": 23, "fields": {"name": "Can delete session", "content_type": 6, "codename": "delete_session"}}, {"model": "auth.permission", "pk": 24, "fields": {"name": "Can view session", "content_type": 6, "codename": "view_session"}}, {"model": "auth.permission", "pk": 25, "fields": {"name": "Can add site", "content_type": 7, "codename": "add_site"}}, {"model": "auth.permission", "pk": 26, "fields": {"name": "Can change site", "content_type": 7, "codename": "change_site"}}, {"model": "auth.permission", "pk": 27, "fields": {"name": "Can delete site", "content_type": 7, "codename": "delete_site"}}, {"model": "auth.permission", "pk": 28, "fields": {"name": "Can view site", "content_type": 7, "codename": "view_site"}}, {"model": "auth.permission", "pk": 29, "fields": {"name": "Can add flat page", "content_type": 8, "codename": "add_flatpage"}}, {"model": "auth.permission", "pk": 30, "fields": {"name": "Can change flat page", "content_type": 8, "codename": "change_flatpage"}}, {"model": "auth.permission", "pk": 31, "fields": {"name": "Can delete flat page", "content_type": 8, "codename": "delete_flatpage"}}, {"model": "auth.permission", "pk": 32, "fields": {"name": "Can view flat page", "content_type": 8, "codename": "view_flatpage"}}, {"model": "auth.permission", "pk": 33, "fields": {"name": "Can add category", "content_type": 9, "codename": "add_category"}}, {"model": "auth.permission", "pk": 34, "fields": {"name": "Can change category", "content_type": 9, "codename": "change_category"}}, {"model": "auth.permission", "pk": 35, "fields": {"name": "Can delete category", "content_type": 9, "codename": "delete_category"}}, {"model": "auth.permission", "pk": 36, "fields": {"name": "Can view category", "content_type": 9, "codename": "view_category"}}, {"model": "auth.permission", "pk": 37, "fields": {"name": "Can add post category", "content_type": 10, "codename": "add_postcategory"}}, {"model": "auth.permission", "pk": 38, "fields": {"name": "Can change post category", "content_type": 10, "codename": "change_postcategory"}}, {"model": "auth.permission", "pk": 39, "fields": {"name": "Can delete post category", "content_type": 10, "codename": "delete_postcategory"}}, {"model": "auth.permission", "pk": 40, "fields": {"name": "Can view post category", "content_type": 10, "codename": "view_postcategory"}}, {"model": "auth.permission", "pk": 41, "fields": {"name": "Can add comment", "content_type": 11, "codename": "add_comment"}}, {"model": "auth.permission", "pk": 42, "fields": {"name": "Can change comment", "content_type": 11, "codename": "change_comment"}}, {"model": "auth.permission", "pk": 43, "fields": {"name": "Can delete comment", "content_type": 11, "codename": "delete_comment"}}, {"model": "auth.permission", "pk": 44, "fields": {"name": "Can view comment", "content_type": 11, "codename": "view_comment"}}, {"model": "auth.permission", "pk": 45, "fields": {"name": "Can add author", "content_type": 12, "codename": "add_author"}}, {"model": "auth.permission", "pk": 46, "fields": {"name": "Can change author", "content_type": 12, "codename": "change_author"}}, {"model": "auth.permission", "pk": 47, "fields": {"name": "Can delete author", "content_type": 12, "codename": "delete_author"}}, {"model": "auth.permission", "pk": 48, "fields": {"name": "Can view author", "content_type": 12, "codename": "view_author"}}, {"model": "auth.permission", "pk": 49, "fields": {"name": "Can add post", "content_type": 13, "codename": "add_post"}}, {"model": "auth.permission", "pk": 50, "fields": {"name": "Can change post", "content_type": 13, "codename": "change_post"}}, {"model": "auth.permission", "pk": 51, "fields": {"name": "Can delete post", "content_type": 13, "codename": "delete_post"}}, {"model": "auth.permission", "pk": 52, "fields": {"name": "Can view post", "content_type": 13, "codename": "view_post"}}, {"model": "auth.permission", "pk": 53, "fields": {"name": "Can add email address", "content_type": 14, "codename": "add_emailaddress"}}, {"model": "auth.permission", "pk": 54, "fields": {"name": "Can change email address", "content_type": 14, "codename": "change_emailaddress"}}, {"model": "auth.permission", "pk": 55, "fields": {"name": "Can delete email address", "content_type": 14, "codename": "delete_emailaddress"}}, {"model": "auth.permission", "pk": 56, "fields": {"name": "Can view email address", "content_type": 14, "codename": "view_emailaddress"}}, {"model": "auth.permission", "pk": 57, "fields": {"name": "Can add email confirmation", "content_type": 15, "codename": "add_emailconfirmation"}}, {"model": "auth.permission", "pk": 58, "fields": {"name": "Can change email confirmation", "content_type": 15, "codename": "change_emailconfirmation"}}, {"model": "auth.permission", "pk": 59, "fields": {"name": "Can delete email confirmation", "content_type": 15, "codename": "delete_emailconfirmation"}}, {"model": "auth.permission", "pk": 60, "fields": {"name": "Can view email confirmation", "content_type": 15, "codename": "view_emailconfirmation"}}, {"model": "auth.permission", "pk": 61, "fields": {"name": "Can add social account", "content_type": 16, "codename": "add_socialaccount"}}, {"model": "auth.permission", "pk": 62, "fields": {"name": "Can change social account", "content_type": 16, "codename": "change_socialaccount"}}, {"model": "auth.permission", "pk": 63, "fields": {"name": "Can delete social account", "content_type": 16, "codename": "delete_socialaccount"}}, {"model": "auth.permission", "pk": 64, "fields": {"name": "Can view social account", "content_type": 16, "codename": "view_socialaccount"}}, {"model": "auth.permission", "pk": 65, "fields": {"name": "Can add social application", "content_type": 17, "codename": "add_socialapp"}}, {"model": "auth.permission", "pk": 66, "fields": {"name": "Can change social application", "content_type": 17, "codename": "change_socialapp"}}, {"model": "auth.permission", "pk": 67, "fields": {"name": "Can delete social application", "content_type": 17, "codename": "delete_socialapp"}}, {"model": "auth.permission", "pk": 68, "fields": {"name": "Can view social application", "content_type": 17, "codename": "view_socialapp"}}, {"model": "auth.permission", "pk": 69, "fields": {"name": "Can add social application token", "content_type": 18, "codename": "add_socialtoken"}}, {"model": "auth.permission", "pk": 70, "fields": {"name": "Can change social application token", "content_type": 18, "codename": "change_socialtoken"}}, {"model": "auth.permission", "pk": 71, "fields": {"name": "Can delete social application token", "content_type": 18, "codename": "delete_socialtoken"}}, {"model": "auth.permission", "pk": 72, "fields": {"name": "Can view social application token", "content_type": 18, "codename": "view_socialtoken"}}, {"model": "auth.permission", "pk": 73, "fields": {"name": "Can add redirect", "content_type": 19, "codename": "add_redirect"}}, {"model": "auth.permission", "pk": 74, "fields": {"name": "Can change redirect", "content_type": 19, "codename": "change_redirect"}}, {"model": "auth.permission", "pk": 75, "fields": {"name": "Can delete redirect", "content_type": 19, "codename": "delete_redirect"}}, {"model": "auth.permission", "pk": 76, "fields": {"name": "Can view redirect", "content_type": 19, "codename": "view_redirect"}}, {"model": "auth.permission", "pk": 77, "fields": {"name": "Can add group", "content_type": 20, "codename": "add_group"}}, {"model": "auth.permission", "pk": 78, "fields": {"name": "Can change group", "content_type": 20, "codename": "change_group"}}, {"model": "auth.permission", "pk": 79, "fields": {"name": "Can delete group", "content_type": 20, "codename": "delete_group"}}, {"model": "auth.permission", "pk": 80, "fields": {"name": "Can view group", "content_type": 20, "codename": "view_group"}}, {"model": "auth.permission", "pk": 81, "fields": {"name": "Can add push information", "content_type": 21, "codename": "add_pushinformation"}}, {"model": "auth.permission", "pk": 82, "fields": {"name": "Can change push information", "content_type": 21, "codename": "change_pushinformation"}}, {"model": "auth.permission", "pk": 83, "fields": {"name": "Can delete push information", "content_type": 21, "codename": "delete_pushinformation"}}, {"model": "auth.permission", "pk": 84, "fields": {"name": "Can view push information", "content_type": 21, "codename": "view_pushinformation"}}, {"model": "auth.permission", "pk": 85, "fields": {"name": "Can add subscription info", "content_type": 22, "codename": "add_subscriptioninfo"}}, {"model": "auth.permission", "pk": 86, "fields": {"name": "Can change subscription info", "content_type": 22, "codename": "change_subscriptioninfo"}}, {"model": "auth.permission", "pk": 87, "fields": {"name": "Can delete subscription info", "content_type": 22, "codename": "delete_subscriptioninfo"}}, {"model": "auth.permission", "pk": 88, "fields": {"name": "Can view subscription info", "content_type": 22, "codename": "view_subscriptioninfo"}}, {"model": "auth.permission", "pk": 89, "fields": {"name": "Can add task result", "content_type": 23, "codename": "add_taskresult"}}, {"model": "auth.permission", "pk": 90, "fields": {"name": "Can change task result", "content_type": 23, "codename": "change_taskresult"}}, {"model": "auth.permission", "pk": 91, "fields": {"name": "Can delete task result", "content_type": 23, "codename": "delete_taskresult"}}, {"model": "auth.permission", "pk": 92, "fields": {"name": "Can view task result", "content_type": 23, "codename": "view_taskresult"}}, {"model": "auth.permission", "pk": 93, "fields": {"name": "Can add chord counter", "content_type": 24, "codename": "add_chordcounter"}}, {"model": "auth.permission", "pk": 94, "fields": {"name": "Can change chord counter", "content_type": 24, "codename": "change_chordcounter"}}, {"model": "auth.permission", "pk": 95, "fields": {"name": "Can delete chord counter", "content_type": 24, "codename": "delete_chordcounter"}}, {"model": "auth.permission", "pk": 96, "fields": {"name": "Can view chord counter", "content_type": 24, "codename": "view_chordcounter"}}, {"model": "auth.permission", "pk": 97, "fields": {"name": "Can add group result", "content_type": 25, "codename": "add_groupresult"}}, {"model": "auth.permission", "pk": 98, "fields": {"name": "Can change group result", "content_type": 25, "codename": "change_groupresult"}}, {"model": "auth.permission", "pk": 99, "fields": {"name": "Can delete group result", "content_type": 25, "codename": "delete_groupresult"}}, {"model": "auth.permission", "pk": 100, "fields": {"name": "Can view group result", "content_type": 25, "codename": "view_groupresult"}}, {"model": "auth.permission", "pk": 101, "fields": {"name": "Can add crontab", "content_type": 26, "codename": "add_crontabschedule"}}, {"model": "auth.permission", "pk": 102, "fields": {"name": "Can change crontab", "content_type": 26, "codename": "change_crontabschedule"}}, {"model": "auth.permission", "pk": 103, "fields": {"name": "Can delete crontab", "content_type": 26, "codename": "delete_crontabschedule"}}, {"model": "auth.permission", "pk": 104, "fields": {"name": "Can view crontab", "content_type": 26, "codename": "view_crontabschedule"}}, {"model": "auth.permission", "pk": 105, "fields": {"name": "Can add interval", "content_type": 27, "codename": "add_intervalschedule"}}, {"model": "auth.permission", "pk": 106, "fields": {"name": "Can change interval", "content_type": 27, "codename": "change_intervalschedule"}}, {"model": "auth.permission", "pk": 107, "fields": {"name": "Can delete interval", "content_type": 27, "codename": "delete_intervalschedule"}}, {"model": "auth.permission", "pk": 108, "fields": {"name": "Can view interval", "content_type": 27, "codename": "view_intervalschedule"}}, {"model": "auth.permission", "pk": 109, "fields": {"name": "Can add periodic task", "content_type": 28, "codename": "add_periodictask"}}, {"model": "auth.permission", "pk": 110, "fields": {"name": "Can change periodic task", "content_type": 28, "codename": "change_periodictask"}}, {"model": "auth.permission", "pk": 111, "fields": {"name": "Can delete periodic task", "content_type": 28, "codename": "delete_periodictask"}}, {"model": "auth.permission", "pk": 112, "fields": {"name": "Can view periodic task", "content_type": 28, "codename": "view_periodictask"}}, {"model": "auth.permission", "pk": 113, "fields": {"name": "Can add periodic tasks", "content_type": 29, "codename": "add_periodictasks"}}, {"model": "auth.permission", "pk": 114, "fields": {"name": "Can change periodic tasks", "content_type": 29, "codename": "change_periodictasks"}}, {"model": "auth.permission", "pk": 115, "fields": {"name": "Can delete periodic tasks", "content_type": 29, "codename": "delete_periodictasks"}}, {"model": "auth.permission", "pk": 116, "fields": {"name": "Can view periodic tasks", "content_type": 29, "codename": "view_periodictasks"}}, {"model": "auth.permission", "pk": 117, "fields": {"name": "Can add solar event", "content_type": 30, "codename": "add_solarschedule"}}, {"model": "auth.permission", "pk": 118, "fields": {"name": "Can change solar event", "content_type": 30, "codename": "change_solarschedule"}}, {"model": "auth.permission", "pk": 119, "fields": {"name": "Can delete solar event", "content_type": 30, "codename": "delete_solarschedule"}}, {"model": "auth.permission", "pk": 120, "fields": {"name": "Can view solar event", "content_type": 30, "codename": "view_solarschedule"}}, {"model": "auth.permission", "pk": 121, "fields": {"name": "Can add clocked", "content_type": 31, "codename": "add_clockedschedule"}}, {"model": "auth.permission", "pk": 122, "fields": {"name": "Can change clocked", "content_type": 31, "codename": "change_clockedschedule"}}, {"model": "auth.permission", "pk": 123, "fields": {"name": "Can delete clocked", "content_type": 31, "codename": "delete_clockedschedule"}}, {"model": "auth.permission", "pk": 124, "fields": {"name": "Can view clocked", "content_type": 31, "codename": "view_clockedschedule"}}, {"model": "auth.group", "pk": 1, "fields": {"name": "Авторы", "permissions": [49]}}, {"model": "auth.user", "pk": 1, "fields": {"password": "pbkdf2_sha256$390000$4rqBZQSuyyB2njJXQnJdXs$HYjuFX/uMRbpZ4AEHILisPT4VVB04TcD0t08bxQeV0A=", "last_login": "2022-12-28T13:11:32.010", "is_superuser": true, "username": "prepod", "first_name": "Вася", "last_name": "Иванов", "email": "", "is_staff": true, "is_active": true, "date_joined": "2022-12-05T09:04:27", "groups": [1], "user_permissions": [53, 54, 55, 56, 57, 58, 59, 60, 1, 2, 3, 4, 9, 10, 11, 12, 5, 6, 7, 8, 13, 14, 15, 16, 17, 18, 19, 20, 29, 30, 31, 32, 45, 46, 47, 48, 33, 34, 35, 36, 41, 42, 43, 44, 49, 50, 51, 52, 37, 38, 39, 40, 73, 74, 75, 76, 21, 22, 23, 24, 25, 26, 27, 28, 61, 62, 63, 64, 65, 66, 67, 68, 69, 70, 71, 72, 77, 78, 79, 80, 81, 82, 83, 84, 85, 86, 87, 88]}}, {"model": "auth.user", "pk": 2, "fields": {"password": "pbkdf2_sha256$390000$dLVKdHqqTR54SvgAFdPlHr$1ZlpKqZ5lJec/WpZ5YyuBo3KLWzWJmoo/Kv4L+mRpmw=", "last_login": "2022-12-08T19:25:03.675", "is_superuser": false, "username": "Евгений", "first_name": "", "last_name": "", "email": "", "is_staff": false, "is_active": true, "date_joined": "2022-12-06T17:01:26", "groups": [1], "user_permissions": []}}, {"model": "auth.user", "pk": 3, "fields": {"password": "!72wJ1n5uar6neL3bfgvU3zs7zzAbum6K8N9yWXWd", "last_login": "2022-12-25T00:25:38.064", "is_superuser": false, "username": "evgen25233", "first_name": "Евгений", "last_name": "Мальцев", "email": "evgen25233@yandex.ru", "is_staff": false, "is_active": true, "date_joined": "2022-12-08T19:44:13.825", "groups": [1], "user_permissions": []}}, {"model": "auth.user", "pk": 88, "fields": {"password": "pbkdf2_sha256$390000$Yo1UC9O1G3ZtpjLjS6bJaM$Jwgoq/bRV2aEuR0dRzGSUdvCg4d30Brlxt3doe7JXqc=", "last_login": null, "is_superuser": false, "username": "adasdasd", "first_name": "asdasd", "last_name": "asdasd", "email": "my_account_ip@mail.ru", "is_staff": false, "is_active": true, "date_joined": "2022-12-26T22:05:18.537", "groups": [], "user_permissions": []}}, {"model": "contenttypes.contenttype", "pk": 1, "fields": {"app_label": "admin", "model": "logentry"}}, {"model": "contenttypes.contenttype", "pk": 2, "fields": {"app_label": "auth", "model": "permission"}}, {"model": "contenttypes.contenttype", "pk": 3, "fields": {"app_label": "auth", "model": "group"}}, {"model": "contenttypes.contenttype", "pk": 4, "fields": {"app_label": "auth", "model": "user"}}, {"model": "contenttypes.contenttype", "pk": 5, "fields": {"app_label": "contenttypes", "model": "contenttype"}}, {"model": "contenttypes.contenttype", "pk": 6, "fields": {"app_label": "sessions", "model": "session"}}, {"model": "contenttypes.contenttype", "pk": 7, "fields": {"app_label": "sites", "model": "site"}}, {"model": "contenttypes.contenttype", "pk": 8, "fields": {"app_label": "flatpages", "model": "flatpage"}}, {"model": "contenttypes.contenttype", "pk": 9, "fields": {"app_label": "news", "model": "category"}}, {"model": "contenttypes.contenttype", "pk": 10, "fields": {"app_label": "news", "model": "postcategory"}}, {"model": "contenttypes.contenttype", "pk": 11, "fields": {"app_label": "news", "model": "comment"}}, {"model": "contenttypes.contenttype", "pk": 12, "fields": {"app_label": "news", "model": "author"}}, {"model": "contenttypes.contenttype", "pk": 13, "fields": {"app_label": "news", "model": "post"}}, {"model": "contenttypes.contenttype", "pk": 14, "fields": {"app_label": "account", "model": "emailaddress"}}, {"model": "contenttypes.contenttype", "pk": 15, "fields": {"app_label": "account", "model": "emailconfirmation"}}, {"model": "contenttypes.contenttype", "pk": 16, "fields": {"app_label": "socialaccount", "model": "socialaccount"}}, {"model": "contenttypes.contenttype", "pk": 17, "fields": {"app_label": "socialaccount", "model": "socialapp"}}, {"model": "contenttypes.contenttype", "pk": 18, "fields": {"app_label": "socialaccount", "model": "socialtoken"}}, {"model": "contenttypes.contenttype", "pk": 19, "fields": {"app_label": "redirects", "model": "redirect"}}, {"model": "contenttypes.contenttype", "pk": 20, "fields": {"app_label": "webpush", "model": "group"}}, {"model": "contenttypes.contenttype", "pk": 21, "fields": {"app_label": "webpush", "model": "pushinformation"}}, {"model": "contenttypes.contenttype", "pk": 22, "fields": {"app_label": "webpush", "model": "subscriptioninfo"}}, {"model": "contenttypes.contenttype", "pk": 23, "fields": {"app_label": "django_celery_results", "model": "taskresult"}}, {"model": "contenttypes.contenttype", "pk": 24, "fields": {"app_label": "django_celery_results", "model": "chordcounter"}}, {"model": "contenttypes.contenttype", "pk": 25, "fields": {"app_label": "django_celery_results", "model": "groupresult"}}, {"model": "contenttypes.contenttype", "pk": 26, "fields": {"app_label": "django_celery_beat", "model": "crontabschedule"}}, {"model": "contenttypes.contenttype", "pk": 27, "fields": {"app_label": "django_celery_beat", "model": "intervalschedule"}}, {"model": "contenttypes.contenttype", "pk": 28, "fields": {"app_label": "django_celery_beat", "model": "periodictask"}}, {"model": "contenttypes.contenttype", "pk": 29, "fields": {"app_label": "django_celery_beat", "model": "periodictasks"}}, {"model": "contenttypes.contenttype", "pk": 30, "fields": {"app_label": "django_celery_beat", "model": "solarschedule"}}, {"model": "contenttypes.contenttype", "pk": 31, "fields": {"app_label": "django_celery_beat", "model": "clockedschedule"}}, {"model": "sessions.session", "pk": "0mxeiy38npf3q8fn8qqbqq18h6t4cmni", "fields": {"session_data": ".eJxVjEEOwiAQRe_C2pApVaAu3XsGMswMUjWQlHZlvLuSdKGrn_z38l4q4LbmsDVZwszqrIw6_H4R6SGlA75juVVNtazLHHVX9E6bvlaW52V3_wIZW-5ZD4Px3pEwHUcRTwmTTGDBJvI8IAF9FwFtPIHz4CaDFomccYZHUO8P-qs4Vw:1p3H55:khCf7qC6iSX_Ugr4r8Set7L9CzWmg_vI6bQw_5XwNwU", "expire_date": "2022-12-22T13:36:55.877"}}, {"model": "sessions.session", "pk": "0tlqkpe95xjumvlrl8cz5c93onja88kk", "fields": {"session_data": ".eJxVjUEOwiAQRe_C2jSdllLoTi9ChmFMiQ01BRKN8e5S04Uu_38z77-ExZJnWxJvNngxCdWJ02_pkG4cd4LLstcNEq0l5uZ7c-DUnGvimANhDmu8HF9_qhnTXD2AA5AGxaYFItTad9L3rXT66onA9wbRyX40Tg0jKCkdeibDlWkaHOzSxCnVGcuPe9ieYmrfHwAwRGo:1p7j5K:S4_RyZ2sIfzLmo0gTrw23rmpLRAQe7Cb2IU2WcwxPCU", "expire_date": "2023-01-03T23:19:34.956"}}, {"model": "sessions.session", "pk": "2ed5jhmb6nf6cz4bb7eln36gn5etfjkc", "fields": {"session_data": ".eJxVjUEOwiAQRe_C2jSdllLoTi9ChmFMiQ01BRKN8e5S04Uu_38z77-ExZJnWxJvNngxCdWJ02_pkG4cd4LLstcNEq0l5uZ7c-DUnGvimANhDmu8HF9_qhnTXD2AA5AGxaYFItTad9L3rXT66onA9wbRyX40Tg0jKCkdeibDlWkaHOzSxCnVGcuPe9ieYmrfHwAwRGo:1p83Rw:EoBuL8-Pox6o59YVnseF8VqT0GIj7R0l8ViDwV_Y9S8", "expire_date": "2023-01-04T21:04:16.297"}}, {"model": "sessions.session", "pk": "4158qpsepl8pgdlk92yt0xygkjiujsl4", "fields": {"session_data": ".eJxVjUEOwiAQRe_C2jSdllLoTi9ChmFMiQ01BRKN8e5S04Uu_38z77-ExZJnWxJvNngxCdWJ02_pkG4cd4LLstcNEq0l5uZ7c-DUnGvimANhDmu8HF9_qhnTXD2AA5AGxaYFItTad9L3rXT66onA9wbRyX40Tg0jKCkdeibDlWkaHOzSxCnVGcuPe9ieYmrfHwAwRGo:1p85Qt:o1eG-MJcz5bgcUolqDOVzBA2C_6AeGfDjB78GygfJPs", "expire_date": "2023-01-04T23:11:19.063"}}, {"model": "sessions.session", "pk": "aoi86kysq3oq2vy4mqnjkbqizh7n1naf", "fields": {"session_data": ".eJxVjU0OwiAQhe_C2jRCGZDu7EXIMExTYkNNoYnGeHdb04Uu39_3XsLjWke_Fl58iqITxojTrxmQbpz3BKdptxskmtdcm2_niEtz3RTnmghrmnN_rP5QI5Zx4zgXQGrWSgWpCaIlBkayzhJoYGijoTBErSSowQwtt8YFGyWrS4wgaYcWLmW78fy4p-UpuvP7A_ldRCo:1p8RDX:vsN2ZxqfDja2XFGx2c7P6f3AiREbMGi19qn-VrIbb80", "expire_date": "2023-01-05T22:26:59.828"}}, {"model": "sessions.session", "pk": "df00i4xvy2g8y3qp1s9ecpdfowravszb", "fields": {"session_data": "e30:1p9C6j:bgNJc1gisMc-TZ9Nq7iZ6jMfxcbFIwdAWUE5BDfONmE", "expire_date": "2023-01-08T00:31:05.305"}}, {"model": "sessions.session", "pk": "e2bfh17kr9smrc7ygp19ky83ep3ib9dp", "fields": {"session_data": ".eJxVjM0OgyAQhN-Fc0PCj4K9tS9Clt0lmBpMKp5M371ouHicb2a-QwDiupca9o2_4ikUiIcIsNd8kTBTg-bOIuCHy1nAspxYdom8Nr3e5KslLnVGqPNa3v11U2XYcvN4G1XSimhk443W5CmOTJqIbTSIg-eR0tTM0VHycfDGOgTU04TWJRC_P9gDRGM:1p5AY4:OGr-oYQ6sd0NWoGqaTdkr7sPlLm_yUzu6mGC3Ot_rAQ", "expire_date": "2022-12-27T22:02:40.300"}}, {"model": "sessions.session", "pk": "kx88h8fxee6fhsnywhplsiaui4gukpgn", "fields": {"session_data": ".eJxVjEEOgjAQRe_StWlamJkWl-49A5nOtIIaSCisjHdXEha6_e-9_zI9b-vQbzUv_ajmbLw5_W6J5ZGnHeidp9tsZZ7WZUx2V-xBq73Omp-Xw_07GLgO35pS0IKeAbgLMXsQz8FpU4KSQksanAhRR9gKMEUUzBGcJ4jFITbm_QHcrzcf:1p5MTx:eRX9TaCgQslD5SSiU16IbOvh4kjZ5qtu7t-P5TiBuT8", "expire_date": "2022-12-28T10:47:13.123"}}, {"model": "sessions.session", "pk": "nxbrvmk1hlkepfje71xqmcb8tgdoterq", "fields": {"session_data": "e30:1p9CA2:sQOOH2ox_sF2vQ9jSWQnf2xVBzCQCAqIGfA1vqVowa0", "expire_date": "2023-01-08T00:34:30.452"}}, {"model": "sessions.session", "pk": "ocr3gx9e09nya18tma7dnhbw616o2gec", "fields": {"session_data": ".eJxVjUEOgyAQRe_CujEgg4q79iJkgCGSWtoIJm2a3r1o3Lic9_9_82Xo3HNNxayZFjYy8WAXZnAt005M9BWq4QwtujulLcF53nBzWJq9c8S5udaLUokOS3ym27E6qSbMU_X4tnOt4ICgQQgvOxuk19aRAt613IMMOkhADINS1NcGKWcxwBA4aNVv0kw51zeG3q-4fNjIf39j5EpR:1p70Pa:dsuZOtsD4W5-AbKblNOIOVKmnXxyphH7zAbNtLoOGR0", "expire_date": "2023-01-01T23:37:30.783"}}, {"model": "sessions.session", "pk": "pm4058zexf0ap9i4wngzbap4eaiv9fzs", "fields": {"session_data": ".eJxVjUEOwiAQRe_C2jSdllLoTi9ChmFMiQ01BRKN8e5S04Uu_38z77-ExZJnWxJvNngxCdWJ02_pkG4cd4LLstcNEq0l5uZ7c-DUnGvimANhDmu8HF9_qhnTXD2AA5AGxaYFItTad9L3rXT66onA9wbRyX40Tg0jKCkdeibDlWkaHOzSxCnVGcuPe9ieYmrfHwAwRGo:1p81oT:_iCszhJ0OOT2yQInpyMpVwvz-4so-RVROp2f5K4HavI", "expire_date": "2023-01-04T19:19:25.042"}}, {"model": "sessions.session", "pk": "qe9hr2gowxkqsqdchwpyckjbvmce32o8", "fields": {"session_data": ".eJxVjU0OgyAQhe_CujE4QAV39SIEhiGSGmwEkzZN7141Ltrl-_vem1m31tGuhRabAuuZNOzya3qHd8p74qZptxuHOK-5NkfnjEtz2xTlmtDVNOfhXP2hRlfGjaMEdDygRuWurfQCgAftUUMrkXiMnQzSCAWtByFIGi2jQa3JaK8ghgNaqJTtxtLzkZYX6_nnC8vyQ2k:1p6HOO:1NoP_YVQ2ajNpAyBba_o72L65ICjw4TmBBPUlcdCli8", "expire_date": "2022-12-30T23:33:16.256"}}, {"model": "sessions.session", "pk": "qxux3vsq5d3os5k8dwb0un84fx3la5bp", "fields": {"session_data": "e30:1p9CAu:vyUXzRsnNYQVcyf2cj6RGsxxp4DCuCX8Rg_tvMHBagE", "expire_date": "2023-01-08T00:35:24.289"}}, {"model": "sessions.session", "pk": "rb2jsutqnahku189zisodeegfautv8rc", "fields": {"session_data": ".eJxVjckOgjAURf-la0NeBzqwkx9pHu0jNJJiaEk0xn8XDAtd3uncF_O41clvhVafIuuYNuzyaw4YbpSPBOf5sBsMYdlybb6dMy7NdVeUawpY05L7c_WHmrBMO0e5GDkH4zS1gKAsYsARB2dhFIa0EBalBdWOjqtgBmiBC5SoiVBGkge0UCn7jafHPa1P1sH7A96lQ6Y:1p9205:3UXy0l7jsnJAifaAcwFRmpD6asvffQAxTf5tlRi1pa0", "expire_date": "2023-01-07T13:43:33.364"}}, {"model": "sessions.session", "pk": "scg6qizd159wz4w18x4gh7mb2blj0037", "fields": {"session_data": "eyJhY2NvdW50X3VzZXIiOiIyZyJ9:1p9sml:a8qolsgL3d1imkmlsif-4cneE_Fq4U95aeSOLHK7h-o", "expire_date": "2023-01-09T22:05:19.437"}}, {"model": "sessions.session", "pk": "t3nsdp49cn2cnax6xeww9ge31v9yy66i", "fields": {"session_data": ".eJxVjcsOgyAQRf-FdWMGUB7u2h8hI4yR1GBTsGnT9N-Lxo3Le-7MuV-G3i9rKm7N9GQ94y92YQ7XMu3ExVCh0mc4oL9T2hqc5w03h6XZb446N9eaKJXoscQl3Y6vk2rCPFVPa0PgHLRV1AFCaxA9jjhYA6PQpIQwKA203Wh56_UAHXCBEhURykByk2bKuc44ej_i88N6-P0BaAZKRg:1p8pex:M5jB-oD167-vlrQgV08FUaBj56nrFh1tva8wEv05btI", "expire_date": "2023-01-07T00:32:55.865"}}, {"model": "sessions.session", "pk": "u649oyybht0c989nwj1swldmfjbugey1", "fields": {"session_data": "e30:1p9C9r:DT9hij0m99kqeCGrCOKMRcYhGEl6oIxn8mtTUkYQgI4", "expire_date": "2023-01-08T00:34:19.081"}}, {"model": "sessions.session", "pk": "ucjb7ejlh7pif1lez7w0dayxoi64nh32", "fields": {"session_data": ".eJxVjEEOgjAQRe_StWlamJkWl-49A5nOtIIaSCisjHdXEha6_e-9_zI9b-vQbzUv_ajmbLw5_W6J5ZGnHeidp9tsZZ7WZUx2V-xBq73Omp-Xw_07GLgO35pS0IKeAbgLMXsQz8FpU4KSQksanAhRR9gKMEUUzBGcJ4jFITbm_QHcrzcf:1p2amW:z5ozIBZGHIdraR9UrnZCAsJQWmtQHeqpP2qXWpeOvZY", "expire_date": "2022-12-20T16:26:56.044"}}, {"model": "sessions.session", "pk": "utzp7nopado5jm56isy2xgcqj4807z4t", "fields": {"session_data": ".eJxVjU0OgyAQhe_CujE4QAV39SIEhiGSGmwEkzZN7141Ltrl-_vem1m31tGuhRabAuuZNOzya3qHd8p74qZptxuHOK-5NkfnjEtz2xTlmtDVNOfhXP2hRlfGjaMEdDygRuWurfQCgAftUUMrkXiMnQzSCAWtByFIGi2jQa3JaK8ghgNaqJTtxtLzkZYX6_nnC8vyQ2k:1p5wVL:dLrZ5aP0-QUGu5lNM-jaiuqLLakxMuB1NT41roZfSvY", "expire_date": "2022-12-30T01:15:03.905"}}, {"model": "sessions.session", "pk": "vd7qqaq1it3h31hlzxksptavghbj8t6j", "fields": {"session_data": ".eJxVjU0OwiAQhe_C2jSFMtJ2pxchwzCkxIaaQhON8e5S04Uu39_3XsLiVia7ZV5t9GIUphenX9Mh3TjtCc7zbjdItGypNN_OEefmUhWnEglLXNL1WP2hJsxT5QwDB42gAklAz92gHTplgjagOnTUt8EAdFJKD2fPwK0CE5CRjWZSeodmzrneWH7c4_oUY_v-AAu-RE0:1p9Cpr:TaA4850AVJL34fwA5hKi9IcGV_7hwTyizuXmJQY-4N0", "expire_date": "2023-01-08T01:17:43.554"}}, {"model": "sessions.session", "pk": "y38blm1bkf92ffnaezsudt6zovyuu5z7", "fields": {"session_data": ".eJxVjEEOgjAQRe_StWlamJkWl-49A5nOtIIaSCisjHdXEha6_e-9_zI9b-vQbzUv_ajmbLw5_W6J5ZGnHeidp9tsZZ7WZUx2V-xBq73Omp-Xw_07GLgO35pS0IKeAbgLMXsQz8FpU4KSQksanAhRR9gKMEUUzBGcJ4jFITbm_QHcrzcf:1p2bGz:kWo4M_W_MYLpephEsaifXC5lpL_Ad4fr6jbFDtCIrpg", "expire_date": "2022-12-20T16:58:25.898"}}, {"model": "sessions.session", "pk": "ygejc2346frjhdp68pg1phaw3t12fyhv", "fields": {"session_data": ".eJxVjEEOgjAQRe_StWlamJkWl-49A5nOtIIaSCisjHdXEha6_e-9_zI9b-vQbzUv_ajmbLw5_W6J5ZGnHeidp9tsZZ7WZUx2V-xBq73Omp-Xw_07GLgO35pS0IKeAbgLMXsQz8FpU4KSQksanAhRR9gKMEUUzBGcJ4jFITbm_QHcrzcf:1pAR89:Jnj3LWN9fOusvZbPtr5NC9Mz80FR9KcopsJmGQHZmcs", "expire_date": "2023-01-11T10:45:41.834"}}, {"model": "sessions.session", "pk": "yuo1nzo0sgorljva0hskmileo9ocp6l7", "fields": {"session_data": "e30:1p9C7p:QVbe2bfswZWlVSIucPkZpdqjp-ohZz_Es7GqeFmjrhE", "expire_date": "2023-01-08T00:32:13.542"}}, {"model": "sessions.session", "pk": "ywezt1cobe5fujzb2lsffr4v7d4hxhcv", "fields": {"session_data": ".eJxVjEEOgjAQRe_StWlamJkWl-49A5nOtIIaSCisjHdXEha6_e-9_zI9b-vQbzUv_ajmbLw5_W6J5ZGnHeidp9tsZZ7WZUx2V-xBq73Omp-Xw_07GLgO35pS0IKeAbgLMXsQz8FpU4KSQksanAhRR9gKMEUUzBGcJ4jFITbm_QHcrzcf:1pATPI:ZnNSs0WMa8syHeQhvG1-VrtoMAfOmOPLhwWVwcebg04", "expire_date": "2023-01-11T13:11:32.013"}}, {"model": "sessions.session", "pk": "ywlsqxaqckazlwl5m8c6m3mmzd1xhfod", "fields": {"session_data": ".eJxVjEEOgjAQRe_StWlamJkWl-49A5nOtIIaSCisjHdXEha6_e-9_zI9b-vQbzUv_ajmbLw5_W6J5ZGnHeidp9tsZZ7WZUx2V-xBq73Omp-Xw_07GLgO35pS0IKeAbgLMXsQz8FpU4KSQksanAhRR9gKMEUUzBGcJ4jFITbm_QHcrzcf:1p2ekL:ptgwiWNvKUQ9VJPC6x8y4XzsRuAcP0fu-8nNNc-FgNU", "expire_date": "2022-12-20T20:40:57.942"}}, {"model": "news.author", "pk": 1, "fields": {"user": 1, "rating": 2}}, {"model": "news.author", "pk": 7, "fields": {"user": 2, "rating": 0}}, {"model": "news.author", "pk": 8, "fields": {"user": 3, "rating": 0}}, {"model": "news.category", "pk": 1, "fields": {"name": "Спорт", "subscribers": [1]}}, {"model": "news.category", "pk": 2, "fields": {"name": "Образование", "subscribers": [1]}}, {"model": "news.category", "pk": 3, "fields": {"name": "Досуг", "subscribers": []}}, {"model": "news.category", "pk": 4, "fields": {"name": "Развлечения", "subscribers": []}}, {"model": "news.post", "pk": 1, "fields": {"author": 1, "date_time": "2022-12-06T13:29:58.901", "post_type": "AR", "title": "Про спорт", "text": "Много слов Про спорт", "rating": 0}}, {"model": "news.post", "pk": 4, "fields": {"author": 1, "date_time": "2022-12-06T18:31:19.484", "post_type": "NW", "title": "ыфваыфвап", "text": "фыафыафвыавыпавп", "rating": 0}}, {"model": "news.post", "pk": 5, "fields": {"author": 1, "date_time": "2022-12-06T18:40:23.812", "post_type": "AR", "title": "hnghfhfgh", "text": "fghxfdghxgfh", "rating": 0}}, {"model": "news.post", "pk": 6, "fields": {"author": 1, "date_time": "2022-12-06T20:44:14.702", "post_type": "NW", "title": "рачераерчапр", "text": "раераерапрчваерерочаер", "rating": 0}}, {"model": "news.post", "pk": 7, "fields": {"author": 1, "date_time": "2022-12-07T14:56:59.397", "post_type": "NW", "title": "новость", "text": "про новость Хотите", "rating": 0}}, {"model": "news.post", "pk": 12, "fields": {"author": 7, "date_time": "2022-12-08T18:59:28.735", "post_type": "NW", "title": "sdfsdf", "text": "sadfasd", "rating": 0}}, {"model": "news.post", "pk": 13, "fields": {"author": 7, "date_time": "2022-12-08T19:02:49.905", "post_type": "AR", "title": "Моя статья", "text": "<p><s>Хотите научиться писать статьи, чтобы попробовать себя в копирайтинге? А может, вам нужно заполнить собственный сайт или блог интересными текстами? Я расскажу об этапах создания статей, их структуре, техническом задании и сервисах проверки, а также поделюсь советами по редактированию текста. После прочтения данного материала вы будете знать, как писать статьи, даже если никогда раньше этим не занимались. Как происходит написание статей? В идеале автор полностью пишет текст из головы основываясь на собственных знаниях и опыте. Однако так происходит далеко не всегда. Существует такое понятие, как рерайтинг. При этом райтер берет какую-то определенную статью из интернета и пересказывает ее своими словами, подбирает синонимы, меняет местами предложения. Такой текст технически получится уникальным, но пользы читателям от него будет немного, ведь содержание статьи полностью повторяет текст, который уже был где-то опубликован. Поэтому наиболее распространенным методом является совмещение этих двух способов: на основе материалов из нескольких источников в сочетании с собственными мыслями по теме пишется уникальный авторский текст. В начале работы над статьей автор должен обдумать идею текста, четко понять его цель. Можно написать статью на основе своих интересов, но не факт, что такой текст заинтересует посетителей сайта. Статья должна решать проблему читателей или сообщать им что-то новое, поэтому семантика чаще основывается на информационных запросах пользователей, собранных с помощью поисковиков Яндекс, Google или таких сервисов, как Яндекс.Wordstat<iframe allowfullscreen=\"\" frameborder=\"0\" height=\"360\" src=\"https://www.youtube.com/embed/Q72Zdbrptbs\" width=\"640\"></iframe></s></p>", "rating": 0}}, {"model": "news.post", "pk": 14, "fields": {"author": 8, "date_time": "2022-12-08T19:44:47.949", "post_type": "NW", "title": "dbxdfb", "text": "zdfbghmjfgmn Хотите", "rating": 0}}, {"model": "news.post", "pk": 17, "fields": {"author": 1, "date_time": "2022-12-12T22:34:48.605", "post_type": "AR", "title": "regderdg", "text": "drgdrg Хотите asdf", "rating": 0}}, {"model": "news.post", "pk": 38, "fields": {"author": 1, "date_time": "2022-12-21T21:03:46.809", "post_type": "AR", "title": "rdghdhgdsfgh", "text": "<p>drgzsdfgsrdgdfz</p>", "rating": 0}}, {"model": "news.post", "pk": 81, "fields": {"author": 1, "date_time": "2022-12-25T00:10:39.026", "post_type": "AR", "title": "uiluiluil", "text": "uilvchdfgjhndfndf", "rating": 0}}, {"model": "news.post", "pk": 82, "fields": {"author": 8, "date_time": "2022-12-25T00:18:10.489", "post_type": "AR", "title": "sdghdgf", "text": "j,gfsdsafasdfgasdf", "rating": 0}}, {"model": "news.post", "pk": 83, "fields": {"author": 1, "date_time": "2022-12-25T00:19:58.871", "post_type": "AR", "title": "gfjf", "text": "fgjdfjfgjh", "rating": 0}}, {"model": "news.post", "pk": 86, "fields": {"author": 1, "date_time": "2022-12-25T00:24:26.805", "post_type": "AR", "title": "sdfsdfsdf", "text": "sdfsdfsdfsdf", "rating": 0}}, {"model": "news.post", "pk": 87, "fields": {"author": 1, "date_time": "2022-12-25T00:25:00.283", "post_type": "AR", "title": "asdfadsfas", "text": "dfasdfasdf", "rating": 0}}, {"model": "news.post", "pk": 88, "fields": {"author": 8, "date_time": "2022-12-25T00:25:45.570", "post_type": "AR", "title": "asdcfasdcasdc", "text": "nhddsfbgvas", "rating": 0}}, {"model": "news.post", "pk": 89, "fields": {"author": 1, "date_time": "2022-12-25T00:36:39.684", "post_type": "AR", "title": "esgsdfgsdfgsdfgsdfg", "text": "sdfgsdfgsdfg", "rating": 0}}, {"model": "news.post", "pk": 90, "fields": {"author": 1, "date_time": "2022-12-25T01:15:01.269", "post_type": "AR", "title": "asdxasdcasdcsadca", "text": "ascASCascASCACascASCasc", "rating": 0}}, {"model": "news.postcategory", "pk": 2, "fields": {"post": 1, "category": 2}}, {"model": "news.postcategory", "pk": 4, "fields": {"post": 4, "category": 2}}, {"model": "news.postcategory", "pk": 5, "fields": {"post": 5, "category": 1}}, {"model": "news.postcategory", "pk": 6, "fields": {"post": 6, "category": 2}}, {"model": "news.postcategory", "pk": 7, "fields": {"post": 7, "category": 2}}, {"model": "news.postcategory", "pk": 12, "fields": {"post": 12, "category": 1}}, {"model": "news.postcategory", "pk": 13, "fields": {"post": 13, "category": 1}}, {"model": "news.postcategory", "pk": 14, "fields": {"post": 14, "category": 2}}, {"model": "news.postcategory", "pk": 17, "fields": {"post": 17, "category": 1}}, {"model": "news.postcategory", "pk": 38, "fields": {"post": 1, "category": 1}}, {"model": "news.postcategory", "pk": 57, "fields": {"post": 81, "category": 1}}, {"model": "news.postcategory", "pk": 58, "fields": {"post": 82, "category": 1}}, {"model": "news.postcategory", "pk": 59, "fields": {"post": 83, "category": 1}}, {"model": "news.postcategory", "pk": 62, "fields": {"post": 86, "category": 1}}, {"model": "news.postcategory", "pk": 63, "fields": {"post": 87, "category": 1}}, {"model": "news.postcategory", "pk": 64, "fields": {"post": 88, "category": 1}}, {"model": "news.postcategory", "pk": 65, "fields": {"post": 89, "category": 1}}, {"model": "news.postcategory", "pk": 66, "fields": {"post": 90, "category": 1}}, {"model": "sites.site", "pk": 1, "fields": {"domain": "127.0.0.1", "name": "example.com"}}, {"model": "flatpages.flatpage", "pk": 1, "fields": {"url": "/about/", "title": "Привет из Джанги", "content": "<h1>Здарова ребята</h1>", "enable_comments": false, "template_name": "default.html", "registration_required": false, "sites": [1]}}, {"model": "flatpages.flatpage", "pk": 2, "fields": {"url": "/contact/", "title": "Связаться с менеджерами", "content": "Вася 7958624555\r\nПетя 545435467465", "enable_comments": false, "template_name": "flatpages/contact_page.html", "registration_required": false, "sites": [1]}}, {"model": "account.emailaddress", "pk": 1, "fields": {"user": 3, "email": "evgen25233@yandex.ru", "verified": true, "primary": true}}, {"model": "account.emailaddress", "pk": 42, "fields": {"user": 88, "email": "my_account_ip@mail.ru", "verified": true, "primary": true}}, {"model": "socialaccount.socialapp", "pk": 1, "fields": {"provider": "yandex", "name": "Yandex", "client_id": "db3e10287bc6494085be203f9a9e09fd", "secret": "2d55832bba4d46cd9326a19a7a018b8b", "key": "", "sites": [1]}}, {"model": "socialaccount.socialaccount", "pk": 1, "fields": {"user": 3, "provider": "yandex", "uid": "52117807", "last_login": "2022-12-25T00:25:38.049", "date_joined": "2022-12-08T19:44:13.833", "extra_data": "{\"id\": \"52117807\", \"login\": \"evgen25233\", \"client_id\": \"db3e10287bc6494085be203f9a9e09fd\", \"display_name\": \"evgen25233\", \"real_name\": \"\\u0415\\u0432\\u0433\\u0435\\u043d\\u0438\\u0439 \\u041c\\u0430\\u043b\\u044c\\u0446\\u0435\\u0432\", \"first_name\": \"\\u0415\\u0432\\u0433\\u0435\\u043d\\u0438\\u0439\", \"last_name\": \"\\u041c\\u0430\\u043b\\u044c\\u0446\\u0435\\u0432\", \"sex\": \"male\", \"default_email\": \"evgen25233@yandex.ru\", \"emails\": [\"evgen25233@yandex.ru\"], \"psuid\": \"1.AAifyg.o0vYPzTrNF8lbKaAh0T9Cw.70WAEaCB1A8lq4fD5ZhMlw\"}"}}]
